label,count,mean,std,min,25%,50%,75%,max
case,248760.0,1.4728431187979971,0.6865152900671194,-1.5863683688131958,1.0111160072733112,1.4735267281334268,1.9354538684630216,4.673719927244799
control,248813.0,0.14419951028128447,0.686509001980756,-3.135640386062468,-0.31681885135061943,0.14541396243284593,0.606008294088948,3.142033400932812
