phenotype,t_stat,p_value
Phenotype_A,-447.7004703984583,0.0
Phenotype_B,200.0333529709622,0.0
Phenotype_C,682.5880524785175,0.0
Phenotype_D,-166.40275173110814,0.0
Phenotype_E,330.8858730193105,0.0
